{
    "Anger": {
        "Rage": [
            "Hate",
            "Hostile"
        ],
        "Exasperated": [
            "Frustrated",
            "Agitated"
        ],
        "Irritable": [
            "Aggravated",
            "Annoyed"
        ],
        "Envy": [
            "Resentful",
            "Jealous"
        ],
        "Disgust": [
            "Contempt",
            "Revolted"
        ]
    },
    "Sadness": {
        "Suffering": [
            "Agony",
            "Hurt"
        ],
        "Sadness": [
            "Depressed",
            "Sorrow"
        ],
        "Disappointed": [
            "Dismayed",
            "Displeased"
        ],
        "Shameful": [
            "Regretful",
            "Guilty"
        ],
        "Neglected": [
            "Isolated",
            "Lonely"
        ],
        "Despair": [
            "Grief",
            "Powerless"
        ]
    },
    "Surprise": {
        "Stunned": [
            "Shocked",
            "Dismayed"
        ],
        "Confused": [
            "Disillusioned",
            "Perplexed"
        ],
        "Amazed": [
            "Astonished",
            "Awe-struck"
        ],
        "Overcome": [
            "Speechless",
            "Astounded"
        ],
        "Moved": [
            "Stimulated",
            "Touched"
        ],
        "Content": [
            "Pleased",
            "Satisfied"
        ],
        "Happy": [
            "Amused",
            "Delighted"
        ],
        "Cheerful": [
            "Jovial",
            "Blissful"
        ],
        "Proud": [
            "Triumphant",
            "Illustrious"
        ],
        "Optimistic": [
            "Hopeful",
            "Eager"
        ],
        "Enthusiastic": [
            "Zeal",
            "Excited"
        ],
        "Elation": [
            "Jubilation",
            "Euphoric"
        ],
        "Enthralled": [
            "Rapture",
            "Enchanted"
        ]
    },
    "Love": {
        "Peaceful": [
            "Satisfied",
            "Relieved"
        ],
        "Tenderness": [
            "Compassionate",
            "Caring"
        ],
        "Desire": [
            "Infatuation",
            "Passion"
        ],
        "Longing": [
            "Attracted",
            "Sentimental"
        ],
        "Affectionate": [
            "Fondness",
            "Romantic"
        ]
    },
    "Fear": {
        "Horror": [
            "Dread",
            "Mortified"
        ],
        "Nervous": [
            "Anxious",
            "Worried"
        ],
        "Insecure": [
            "Inadequate",
            "Inferior"
        ],
        "Terror": [
            "Hysterical",
            "Panic"
        ],
        "Scared": [
            "Helpless",
            "Frightened"
        ]
    }
}