{
  "Hate": "An intense feeling of dislike or animosity.",
  "Hostile": "Showing open opposition or unfriendliness.",
  "Frustrated": "Feeling upset or annoyed due to obstacles.",
  "Agitated": "Feeling nervous or restless.",
  "Aggravated": "Annoyed or irritated.",
  "Annoyed": "Slightly angry or bothered.",
  "Resentful": "Holding bitterness or indignation.",
  "Jealous": "Feeling envious of someone else's achievements or advantages.",
  "Contempt": "Feeling that something is worthless or beneath consideration.",
  "Revolted": "Feeling disgust or strong dislike.",

  "Agony": "Extreme physical or mental suffering.",
  "Hurt": "Feeling emotional or physical pain.",
  "Depressed": "Experiencing severe despondency and dejection.",
  "Sorrow": "Deep distress caused by loss or disappointment.",
  "Dismayed": "Feeling worried or upset by something unexpected.",
  "Displeased": "Feeling unhappy or dissatisfied.",
  "Regretful": "Feeling sorry about something in the past.",
  "Guilty": "Feeling responsible for a wrongdoing.",
  "Isolated": "Feeling alone or separated from others.",
  "Lonely": "Feeling sad because of being alone.",
  "Grief": "Intense sorrow, especially caused by loss.",
  "Powerless": "Feeling unable to control or influence a situation.",

  "Shocked": "Feeling surprised or upset by something unexpected.",
  "Disillusioned": "Disappointed by discovering something is not as good as expected.",
  "Perplexed": "Confused or puzzled.",
  "Astonished": "Very surprised or amazed.",
  "Awe-struck": "Filled with wonder or admiration.",
  "Speechless": "Unable to speak due to shock or amazement.",
  "Astounded": "Extremely surprised or amazed.",
  "Stimulated": "Excited or interested.",
  "Touched": "Emotionally moved or affected.",
  "Pleased": "Feeling happy or satisfied.",
  "Satisfied": "Contented or fulfilled.",
  "Amused": "Finding something funny or entertaining.",
  "Delighted": "Feeling great pleasure.",
  "Jovial": "Cheerful and friendly.",
  "Blissful": "Extremely happy or joyful.",
  "Triumphant": "Feeling victorious or successful.",
  "Illustrious": "Well-known and admired.",
  "Hopeful": "Feeling optimistic about the future.",
  "Eager": "Wanting to do or have something very much.",
  "Zeal": "Great energy or enthusiasm.",
  "Excited": "Very enthusiastic and eager.",
  "Jubilation": "A feeling of great happiness and triumph.",
  "Euphoric": "Feeling intense excitement and happiness.",
  "Rapture": "A feeling of intense pleasure or joy.",
  "Enchanted": "Delighted and charmed.",

  "Relieved": "Feeling alleviation from distress or discomfort.",
  "Compassionate": "Feeling sympathy and concern for others.",
  "Caring": "Displaying kindness and concern.",
  "Infatuation": "An intense but short-lived passion or admiration.",
  "Passion": "A strong feeling of enthusiasm or desire.",
  "Attracted": "Drawn to someone or something.",
  "Sentimental": "Showing tender emotions.",
  "Fondness": "A liking or affection for someone.",
  "Romantic": "Expressing love or affection.",

  "Dread": "Anticipating something terrible with fear.",
  "Mortified": "Extremely embarrassed or ashamed.",
  "Anxious": "Feeling worried or uneasy.",
  "Worried": "Concerned about possible problems.",
  "Inadequate": "Feeling not good enough.",
  "Inferior": "Feeling lower in quality or status.",
  "Hysterical": "Displaying uncontrollable emotion.",
  "Panic": "Sudden uncontrollable fear or anxiety.",
  "Helpless": "Unable to defend or take care of oneself.",
  "Frightened": "Feeling afraid or scared."
}